Schulnummer,Name1,Name2,Zusatz1,Zusatz2,Zusatz3,Strasse,PLZ,Ort,SchulleiterName,SchulleiterVorname,SchulleiterTitel,SchulleiterGeschlecht,Vorwahl,Telefon,Fax,EMail,Ganztagsschule,GanztagsForm,Schulart1,Schulart2,Schulart3,Schulart4,Schulart5,Schulart6,Schulart7,Schulart8,Schulart9,Schulart10,Schulart11,Planbezirk,Schulform,Internet
002,Schule an der Admiralstraße,,,,,Winterstr. 20,28215,Bremen,Mehlhop,Jantje,,W,0421,361-8110,361-8177,002@bildung.bremen.de,J,offene Ganztagsschule,VBK G,G,,,,,,,,,,Findorff / Walle,Grundschule,http://www.admiral.schule.bremen.de/
003,Schule am Alten Postweg,,,,,Alter Postweg 302,28207,Bremen,Gerber,Sebastian,,M,0421,361-3376,361-81258,003@bildung.bremen.de,N,,VBK G,G,,,,,,,,,,Hemelingen,Grundschule,http://www.schule-alter-postweg.de
005,Schule Am Mönchshof,,,,,Hindenburgstr. 33 A,28717,Bremen,Engelhaupt,Christine,,W,0421,361-7165,361-79 587,005@bildung.bremen.de,N,,VBK G,G,,,,,,,,,,Burglesum,Grundschule,http://www.schule-am-moenchshof.de
006,Schule An der Gete,,,,,An der Gete 103,28211,Bremen,Hokema,Tido,,M,0421,361-3158,,006@bildung.bremen.de,J,gebundene Ganztagsschule,VBK G,G,,,,,,,,,,Schwachhausen,Grundschule,http://www.gs-an-der-gete.de
007,Schule an der Alfred-Faust-Straße,,,,,Alfred-Faust-Str. 34,28277,Bremen,Langer,Christiane,,W,0421,361-3511,361-18239,007@bildung.bremen.de,J,offene Ganztagsschule,VBK G,G,,,,,,,,,,Obervieland,Grundschule,
008,Schule Arbergen,,,,,Heisiusstr. 7,28307,Bremen,Deitschun,Ulrike,,W,0421,480548,4843429,008@bildung.bremen.de,J,offene Ganztagsschule,G,,,,,,,,,,,Hemelingen,Grundschule,http://grundschule-arbergen.de
009,Schule Arsten,,,,,Korbhauser Weg 1,28279,Bremen,Huse,Antje,,W,0421,361-3130,361-96001,009@bildung.bremen.de,N,,VBK G,G,,,,,,,,,,Obervieland,Grundschule,http://www.schule-arsten.de
010,Schule Auf den Heuen,,,,,An der Fuchtelkuhle 15,28239,Bremen,Lesniarek-Spiess,Ute,,W,0421,361-9275,361-79682,010@bildung.bremen.de,J,gebundene Ganztagsschule,G,,,,,,,,,,,Gröpelingen,Grundschule,http://www.aufdenheuen.de
011,Schule an der Andernacher Straße,,,,,Andernacher Str. 6,28325,Bremen,Mörk,Isolde,,W,0421,361-3364,361-59054,011@bildung.bremen.de,J,gebundene Ganztagsschule,VBK G,G,,,,,,,,,,Osterholz,Grundschule,http://www.gts-tenever.de
012,Schule an der Augsburger Straße,,,,,Augsburger Str. 175,28215,Bremen,Drewes,Andrea,,W,0421,361-8370,361-3590,012@bildung.bremen.de,J,gebundene Ganztagsschule,VBK G,G,,,,,,,,,,Findorff / Walle,Grundschule,http://www.gs-augsburger-strasse.de
013,Schule Alt-Aumund,,,,,Ritterkamp 10,28757,Bremen,Ahrens,Heike,,W,0421,361-7651,361-79386,013@bildung.bremen.de,J,gebundene Ganztagsschule,VBK G,G,,,,,,,,,,Vegesack,Grundschule,http://www.schule-alt-aumund.de
014,Schule Am Wasser,,,,,Tidemanstr. 11,28759,Bremen,Drüke,Astrid,,W,0421,361-7622,361-79416,014@bildung.bremen.de,N,,VBK G,G,,,,,,,,,,Vegesack,Grundschule,http://www.bunte-wege-grohn.de/index.php/grundschule-am-wasser
015,Schule am Baumschulenweg,,,,,Baumschulenweg 12,28213,Bremen,Beulke,Lars,,M,0421,361-3162,361-89362,015@bildung.bremen.de,J,gebundene Ganztagsschule,G,,,,,,,,,,,Schwachhausen,Grundschule,http://www.grundschule-baumschulenweg.de
016,Schule an der Parsevalstraße,,,,,Parsevalstr. 2,28309,Bremen,Schmidt,Jutta,,W,0421,361-3048,361-16958,016@bildung.bremen.de,J,gebundene Ganztagsschule,G,,,,,,,,,,,Hemelingen,Grundschule,http://www.parseval.schule.bremen.de
018,Schule Borchshöhe,,,,,Auf dem Flintacker 51,28755,Bremen,Ruge-Strudthoff,Gunda,,W,0421,361-7383,361-79387,018@bildung.bremen.de,J,gebundene Ganztagsschule,G,,,,,,,,,,,Vegesack,Grundschule,http://www.schule-borchshöhe.de/
019,Schule Borgfeld,,,,,Katrepeler Landstr. 1,28357,Bremen,Claussen,Barbara,,W,0421,361-3086,361-89077,019@bildung.bremen.de,J,offene Ganztagsschule,G,,,,,,,,,,,Horn/Borgf./Oberneuland,Grundschule,http://www.schule-borgfeld.de
020,Schule an der Brinkmannstraße,,,,,Brinkmannstr. 40,28309,Bremen,Clausen,Axel,,M,0421,361-3091,361-14087,020@bildung.bremen.de,N,,VBK G,G,,,,,,,,,,Hemelingen,Grundschule,http://www.grundschule-brinkmannstrasse.de
021,Schule Am Weidedamm,,,,,Am Weidedamm 20,28215,Bremen,Meyer,Wiebke,,W,0421,361-14452,361-18386,021@bildung.bremen.de,N,,G,,,,,,,,,,,Findorff / Walle,Grundschule,http://schule-am-weidedamm.de
023,Bürgermeister-Smidt-Schule,,,,,Contrescarpe 26,28203,Bremen,Lothschütz-Lomberg,Eva Maria,,W,0421,361-10711,361-10131,023@bildung.bremen.de,N,,VBK G,G,,,,,,,,,,Mitte/östl. Vorstadt,Grundschule,http://www.buergermeister-smidt-schule.de
024,Schule am Buntentorsteinweg,,,,,Buntentorsteinweg 245,28201,Bremen,Triba,Monika,,W,0421,361-59531,361-59267,024@bildung.bremen.de,J,gebundene Ganztagsschule,VBK G,G,,,,,,,,,,Neustadt,Grundschule,http://024.joomla.schule.bremen.de
025,Schule Burgdamm,,,,,Stargarder Str. 11,28717,Bremen,Brokate-Golinski,Christa,,W,0421,361-7131,361-79846,025@bildung.bremen.de,J,offene Ganztagsschule,G,,,,,,,,,,,Burglesum,Grundschule,http://www.schule-burgdamm.de
028,Marie-Curie-Schule,,,,,Curiestr. 2 A,28357,Bremen,Huckfeldt,Birte,,W,0421,361-3021,361-89453,028@bildung.bremen.de,N,,VBK G,G,,,,,,,,,,Horn/Borgf./Oberneuland,Grundschule,http://028.joomla.schule.bremen.de
029,Schule an der Carl-Schurz-Straße,,,,,Carl-Schurz-Str. 25,28209,Bremen,Neumann,Claudia,,W,0421,361-3059,361-17446,029@bildung.bremen.de,N,,G,,,,,,,,,,,Schwachhausen,Grundschule,http://www.grundschule-carl-schurz.de
032,Schule an der Düsseldorfer Straße,,,,,Düsseldorfer Str. 2 A,28327,Bremen,Ilsen,Dorothea,,W,0421,361-3032,361-59490,032@bildung.bremen.de,J,gebundene Ganztagsschule,VBK G,G,,,,,,,,,,Osterholz,Grundschule,http://www.duedo-bremen.de
034,Schule Fährer Flur,,,,,Fährer Flur 15,28755,Bremen,Wöhltjen,Regina,,W,0421,361-7248,361-79388,034@bildung.bremen.de,N,,VBK G,G,,,,,,,,,,Vegesack,Grundschule,http://www.faehrerflur.blogspot.de/
035,Schule am Ellenerbrokweg,,,,,Ellenerbrokweg 28,28325,Bremen,Bleeker,Gudrun,,W,0421,361-3190,361-18189,035@bildung.bremen.de,N,,VBK G,G,,,,,,,,,,Osterholz,Grundschule,http://
036,Schule Farge-Rekum,,,,,Betonstr. 4,28777,Bremen,Rothaupt,Larssen,,M,0421,361-79141,361-79826,036@bildung.bremen.de,N,,VBK G,G,,,,,,,,,,Blumenthal,Grundschule,
039,Schule an der Freiligrathstraße,,,,,Freiligrathstr. 11,28211,Bremen,Fecht,Sandra,,W,0421,361-3269,496-3269,039@bildung.bremen.de,N,,G,,,,,,,,,,,Schwachhausen,Grundschule,http://www.039.sixcms.schule.bremen.de
040,Schule an der Wigmodistraße,,,,,Wigmodistr. 37,28779,Bremen,Lüddeke,Ulrike,,W,0421,361-7436,361-7726,040@bildung.bremen.de,N,,VBK G,G,,,,,,,,,,Blumenthal,Grundschule,
042,Schule an der Humannstraße,,,,,Humannstr. 71,28239,Bremen,N.N.,,,,0421,361 163 99,361 250 82,042@bildung.bremen.de,J,offene Ganztagsschule,G,,,,,,,,,,,Gröpelingen,Grundschule,http://www.humann.schule.bremen.de
043,Schule an der Glockenstraße,,,,,Westerholzstr. 19 A,28309,Bremen,Rugen,Sylvia,,W,0421,361-3290,361-14747,043@bildung.bremen.de,N,,VBK G,G,,,,,,,,,,Hemelingen,Grundschule,http://www.schule-glockenstrasse.de
045,Schule an der Grambker Heerstraße,,,,,Grambker Heerstr. 121,28719,Bremen,Limberg-Kalka,Kirsten,,W,0421,361-7147,361-79037,045@bildung.bremen.de,J,gebundene Ganztagsschule,VBK G,G,,,,,,,,,,Burglesum,Grundschule,
048,Schule Grolland,,,,,Brakkämpe 4,28259,Bremen,Wismach,Judith,,W,0421,361-19610,361-13286,048@bildung.bremen.de,N,,VBK G,G,,,,,,,,,,Huchting,Grundschule,http://www.grundschule-grolland.bremen.de
049,Schule Am Borgfelder Saatland,,,,,Am Borgfelder Saatland 1-3,28357,Bremen,Kinner,Kerstin,,W,0421,361-14885,361-82897,049@bildung.bremen.de,J,offene Ganztagsschule,G,,,,,,,,,,,Horn/Borgf./Oberneuland,Grundschule,http://www.schule-borgfelder-saatland.de
050,Schule am Bunnsackerweg,,,,,Bunnsackerweg 4,28279,Bremen,Neumann,Ingrid,,W,0421,361-3310,361-15265,050@bildung.bremen.de,N,,G,,,,,,,,,,,Obervieland,Grundschule,http://050.joomla.schule.bremen.de
051,Schule am Halmerweg,,,,,Halmerweg 71,28237,Bremen,Riechardt-Ochner,Jürgen,,M,0421,361-9174,361-16819,051@bildung.bremen.de,N,,VBK G,G,,,,,,,,,,Gröpelingen,Grundschule,http://www.schule.bremen.de/schulen/051
052,Schule Hammersbeck,,,,,Fährer Str. 4,28755,Bremen,N.N.,,,,0421,361-7245,361-79449,052@bildung.bremen.de,N,,VBK G,G,,,,,,,,,,Vegesack,Grundschule,
053,Schule Rönnebeck,,,,,Helgenstr. 10-12,28777,Bremen,Beckendorf,Christoph,,M,0421,361-7284,361-79090,053@bildung.bremen.de,N,,VBK G,G,,,,,,,,,,Blumenthal,Grundschule,http://www.schule-roennebeck.de
060,Schule an der Horner Heerstraße,,,,,Horner Heerstr. 17,28359,Bremen,Maul-Krummrich,Gabriele,,W,0421,361-3368,361-16556,060@bildung.bremen.de,J,offene Ganztagsschule,G,,,,,,,,,,,Horn/Borgf./Oberneuland,Grundschule,http://www.hornerschule.de
062,Schule In der Vahr,,,,,In der Vahr 75,28329,Bremen,Ehrhorn,Kirsten,,W,0421,361-3343,361-10848,062@bildung.bremen.de,J,offene Ganztagsschule,VBK G,G,,,,,,,,,,Vahr,Grundschule,http://www.indervahr.de
064,Schule an der Kantstraße,,,,,Kantstr. 63,28201,Bremen,Gildemeister,Insa,,W,0421,361-59541,361-16961,064@bildung.bremen.de,N,,VBK G,G,,,,,,,,,,Neustadt,Grundschule,http://www.schule-kantstrasse.de
065,Schule an der Karl-Lerbs-Straße,,,,,Karl-Lerbs-Str. 70 A,28201,Bremen,Fuhrmann,Manfred,,M,0421,361-59561,361-59571,065@bildung.bremen.de,J,gebundene Ganztagsschule,VBK G,G,,,,,,,,,,Neustadt,Grundschule,http://065.joomla.schule.bremen.de
069,Schule am Pastorenweg,,,,,Pastorenweg 91-93,28237,Bremen,Meyer,Karl-Holger,,M,0421,361-9297,361-17288,069@bildung.bremen.de,J,gebundene Ganztagsschule,VBK G,G,,,,,,,,,,Gröpelingen,Grundschule,http://www.grundschule-pastorenweg.de
070,Kinderschule,,,,,Auf der Hohwisch 61-63,28207,Bremen,Schubert,Philine,,W,0421,361-16887,361-16816,070@bildung.bremen.de,N,,VK,G,,,,,,,,,,Hemelingen,Grundschule,http://www.kischu.de
071,Schule Kirchhuchting,,,,,Kirchhuchtinger Landstr. 28,28259,Bremen,Rauer,Ruth,,W,0421,361-15955,361-83888,071@bildung.bremen.de,N,,VBK G,G,,,,,,,,,,Huchting,Grundschule,http://www.grundschule-kirchhuchting.de
076,Schule an der Lessingstraße,,,,,Lessingstr. 30,28203,Bremen,Martens,Kornelia,,W,0421,361-3225,361-82899,076@bildung.bremen.de,J,gebundene Ganztagsschule,G,,,,,,,,,,,Mitte/östl. Vorstadt,Grundschule,http://www.schule-lessingstrasse.de
077,Tami-Oelfken-Schule,,,,,Lüssumer Ring 55,28777,Bremen,Kalan,Ireneusz,,M,0421,361-7755,361-79494,077@bildung.bremen.de,J,gebundene Ganztagsschule,VBK G,G,,,,,,,,,,Blumenthal,Grundschule,http://www.tami-oelfken-schule.de
081,Schule Mahndorf,,,,,Mahndorfer Heerstr. 55,28307,Bremen,Mleczek,Stefanie,,W,0421,480063,4842161,081@bildung.bremen.de,J,offene Ganztagsschule,VBK G,G,,,,,,,,,,Hemelingen,Grundschule,http://www.grundschule-mahndorf.de
082,Schule an der Melanchthonstraße,,,,,Melanchthonstr. 150,28217,Bremen,Göricke,Sabine,,W,0421,361-8292,361-16869,082@bildung.bremen.de,N,,VBK G,G,,,,,,,,,,Findorff / Walle,Grundschule,www.schumela.schule.bremen.de
083,Schule an der Landskronastraße,,,,,Landskronastr. 46,28719,Bremen,Addicks-Friedrich,Andrea,,W,0421,361-7191,361-79390,083@bildung.bremen.de,J,gebundene Ganztagsschule,VBK G,G,,,,,,,,,,Burglesum,Grundschule,
085,Schule an der Nordstraße,,,,,Nordstr. 349,28217,Bremen,Lehmann,Peter,,M,0421,361-8282,361-88921,085@bildung.bremen.de,N,,VBK G,G,,,,,,,,,,Findorff / Walle,Grundschule,http://nordstrasse.schule.bremen.de
087,Schule Oberneuland,,,,,Oberneulander Landstr. 36,28355,Bremen,Sense,Dagmar,,W,0421,259465,2575297,087@bildung.bremen.de,N,,G,,,,,,,,,,,Horn/Borgf./Oberneuland,Grundschule,http://www.grundschule-oberneuland.de
088,Schule an der Oderstraße,,,,,Oderstr. 75,28199,Bremen,Zimmermann,Silke,,W,0421,361-8228,361-17063,088@bildung.bremen.de,J,offene Ganztagsschule,VBK G,G,,,,,,,,,,Neustadt,Grundschule,http://grundschule-oderstrasse.schule.bremen.de
089,Schule an der Oslebshauser Heerstr.,,,,,Oslebshauser Heerstr. 115,28239,Bremen,N.N.,,,,0421,361-9280,361-17175,089@bildung.bremen.de,J,gebundene Ganztagsschule,VBK G,G,,,,,,,,,,Gröpelingen,Grundschule,http://www.gts-oslebshausen.de/
090,Schule Osterholz,,,,,Osterholzer Heerstr. 160,28325,Bremen,Cimiotti,Margharethe,,W,0421,361-3003,361-59046,090@bildung.bremen.de,J,offene Ganztagsschule,VBK G,G,,,,,,,,,,Osterholz,Grundschule,
091,Schule am Pfälzer Weg,,,,,Koblenzer Str. 10,28325,Bremen,Harnisch-Soller,Beatrix,,W,0421,361-3244,361-15298,091@bildung.bremen.de,J,gebundene Ganztagsschule,G,,,,,,,,,,,Osterholz,Grundschule,http://www.pfaelzer-weg.de
094,Schule an der Paul-Singer-Straße,,,,,Paul-Singer-Str. 160,28329,Bremen,Dahlenberg,Frank,,M,0421,361-3356,361-19828,094@bildung.bremen.de,J,gebundene Ganztagsschule,G,,,,,,,,,,,Vahr,Grundschule,http://www.094.joomla.schule.bremen.de
096,Schule an der Philipp-Reis-Straße,,,,,Werner-von-Siemens-Str. 57,28357,Bremen,Köhler,Henrik,,M,0421,361-3322,361-17494,096@bildung.bremen.de,N,,G,,,,,,,,,,,Horn/Borgf./Oberneuland,Grundschule,http://www.096.schule.bremen.de
097,Schule am Pürschweg,,,,,Pürschweg 5,28779,Bremen,Hoormann,Karin,,W,0421,361-7816,361-7279,097@bildung.bremen.de,N,,VBK G,G,,,,,,,,,,Blumenthal,Grundschule,http://www.097.sixcms.schule.bremen.de
099,Schule am Pulverberg,,,,,Schleswiger Str. 10,28219,Bremen,Buchheim,Benita,,W,0421,361-5690,361-5691,099@bildung.bremen.de,J,gebundene Ganztagsschule,VBK G,G,,,,,,,,,,Findorff / Walle,Grundschule,http://www.pulverberg.eu
100,Schule Rablinghausen,,,,,Dorfkampsweg 50,28197,Bremen,Weiß,Ulrike,,W,0421,361-8268,361-8385,100@bildung.bremen.de,N,,G,,,,,,,,,,,Woltmershausen,Grundschule,http://schule-rablinghausen.schule.bremen.de
101,Schule an der Rechtenflether Str.,,,,,Rechtenflether Str. 24,28197,Bremen,Midasch,Katharina,,W,0421,361-8223,361-96770,101@bildung.bremen.de,J,offene Ganztagsschule,VBK G,G,,,,,,,,,,Woltmershausen,Grundschule,http://gs-rechtenfletherstrasse.de
105,Schule an der Robinsbalje,,,,,Robinsbalje 10,28259,Bremen,Bode-Kirchhoff,Gebke,,W,0421,361-15950,361-59137,105@bildung.bremen.de,J,gebundene Ganztagsschule,VBK G,G,,,,,,,,,,Huchting,Grundschule,http://www.105.schule.bremen.de
106,Schule an der Fischerhuder Straße,,,,,Fischerhuder Str. 20,28237,Bremen,Dolejs,Gerald,,M,0421,361-9139,361-18013,106@bildung.bremen.de,J,gebundene Ganztagsschule,VBK G,G,,,,,,,,,,Gröpelingen,Grundschule,http://www.grundschule-fischerhuder-strasse.de
110,Schule an der Schmidtstraße,,,,,Schmidtstr. 9,28203,Bremen,Voßler-Nickel,Gabriele,,W,0421,361-3131,361-59017,110@bildung.bremen.de,N,,G,,,,,,,,,,,Mitte/östl. Vorstadt,Grundschule,http://www.schule-schmidtstrasse.de
111,Schule Schönebeck,,,,,Herbartstr. 25,28757,Bremen,Riethmöller,Britta,,W,0421,662886,664290,111@bildung.bremen.de,N,,G,,,,,,,,,,,Vegesack,Grundschule,http://www.schule-schoenebeck.de
112,Schule an der Stichnathstraße,,,,,Max-Jahn-Weg 13,28277,Bremen,Dohrmann,Carsten,,M,0421,361-3584,361-16422,112@bildung.bremen.de,J,gebundene Ganztagsschule,VBK G,G,,,,,,,,,,Obervieland,Grundschule,
113,Schule Seehausen,,,,,Seehauser Landstr. 141,28197,Bremen,Kruse,Martina,,W,0421,541500,541500,113@bildung.bremen.de,N,,G,,,,,,,,,,,Woltmershausen,Grundschule,http://www.grundschule-seehausen.de
114,Schule am Osterhop,,,,,Osterhop 88,28309,Bremen,N.N.,,,,0421,361-3101,361-14587,114@bildung.bremen.de,J,gebundene Ganztagsschule,G,,,,,,,,,,,Hemelingen,Grundschule,http://
115,Schule an der Stader Straße,,,,,Stader Str. 150,28205,Bremen,Möller-Helken,Birgit,,W,0421,361-3288,361-16331,115@bildung.bremen.de,J,gebundene Ganztagsschule,G,,,,,,,,,,,Mitte/östl. Vorstadt,Grundschule,
116,Schule St. Magnus,,,,,Richthofenstr. 37,28759,Bremen,Frantzen,Andrea,,W,0421,361-7314,361-79842,116@bildung.bremen.de,N,,G,,,,,,,,,,,Burglesum,Grundschule,http://www.schule-sankt-magnus.de
117,Schule Strom,,,,,Stromer Landstr. 26 A,28197,Bremen,Diesen,Stefanie,,W,0421,541214,541214,117@bildung.bremen.de,N,,G,,,,,,,,,,,Woltmershausen,Grundschule,http://www.schule-strom.de/
118,Schule an der Uphuser Straße,,,,,Uphuser Str. 9,28327,Bremen,Moke,Ingrid,,W,0421,361-3247,361-5441,118@bildung.bremen.de,J,offene Ganztagsschule,VBK G,G,,,,,,,,,,Osterholz,Grundschule,http://www.schule-uphuser-str.de/
127,Schule an der Witzlebenstraße,,,,,Witzlebenstr. 3,28327,Bremen,Bernau,Klara,,W,0421,361-3373,361-59661,127@bildung.bremen.de,J,offene Ganztagsschule,VBK G,G,,,,,,,,,,Vahr,Grundschule,http://127.sixcms.schule.bremen.de
129,Schule an der Delfter Straße,,,,,Delfter Str. 10,28259,Bremen,Brandt,Frauke,,W,0421,361-15990,361-15969,129@bildung.bremen.de,J,offene Ganztagsschule,VBK G,G,,,,,,,,,,Huchting,Grundschule,http://www.GS-Delfterstrasse.de
150,Amerikanische Schule,,,,,Kleiner Blink 8,27580,Bremerhaven,Saur-Oberman,Sigrun,,W,0471,391-3680,391-3689,amerikanische@schule.bremerhaven.de,J,gebundene Ganztagsschule,G,,,,,,,,,,,,Grundschule,http://www.as-bremerhaven.de/
151,Altwulsdorfer Schule,,,,,Sandbredenstr. 11,27572,Bremerhaven,N.N.,,,,0471,3080382,3080383,altwulsdorfer@schule.bremerhaven.de,N,,G,,,,,,,,,,,,Grundschule,
152,Fichteschule,,,,,Heidacker 13,27572,Bremerhaven,Carstens,Astrid,,W,0471,391-3720,391-3721,fichte@schule.bremerhaven.de,N,,G,,,,,,,,,,,,Grundschule,
153,Fritz-Reuter-Schule,,"Ganztagsschule - Grundschule,",Förderzentrum für die Bereiche,"Lernen, Sprache und Verhalten",Braunstr. 5,27574,Bremerhaven,Kern,Madeleine,,W,0471,391-3740,391-3745,f.reuter@schule.bremerhaven.de,J,offene Ganztagsschule,G,,,,,,,,,,,,Grundschule,http://fritz-reuter-schule.bremerhaven.de/
154,Surheider Schule,,"Grundschule, Förderzentrum für die",Bereiche Wahrnehmungs- und,Entwicklungsförderung,Isarstr. 58,27574,Bremerhaven,Maaß,Thorsten,,M,0471,391-3902,391-3909,surheider@schule.bremerhaven.de,N,,G,,,,,,,,,,,,Grundschule,
155,Veernschule,,,,,Schiffdorfer Chaussee 193,27574,Bremerhaven,Thoben-Scheele,Regina,,W,0471,391-3950,391-3959,veern@schule.bremerhaven.de,N,,G,,,,,,,,,,,,Grundschule,
156,Allmersschule,,,,,Allmersstr. 2,27570,Bremerhaven,Quaas,Petra,,W,0471,391-3672,391-3679,allmers@schule.bremerhaven.de,N,,G,,,,,,,,,,,,Grundschule,
157,Gorch-Fock-Schule,,"Grundschule, Förderzentrum für die","Bereiche Lernen, Sprache und",Verhalten,Klußmannstr. 10-11,27570,Bremerhaven,Polzer-Pupel,Stefanie,,W,0471,9584520,95845213,g.fock@schule.bremerhaven.de,J,gebundene Ganztagsschule,G,,,,,,,,,,,,Grundschule,http://gorchfockschule.bremerhaven.de/
159,Goetheschule,,,,,Deichstr. 39,27568,Bremerhaven,Ostendorf,Vanessa,,W,0471,391-3666,391-3667,goethe@schule.bremerhaven.de,N,,G,,,,,,,,,,,,Grundschule,
160,Pestalozzischule,,Ganztagsschule - Grundschule,,,Am Leher Tor 21,27568,Bremerhaven,Schlütter,Rebekka,,W,0471,3000141,3000149,pestalozzi@schule.bremerhaven.de,J,offene Ganztagsschule,G,,,,,,,,,,,,Grundschule,http://www.pestalozzischule-bremerhaven.de/
163,Lutherschule,,Ganztagsschule - Grundschule,,,Dionysiusstr. 52,27576,Bremerhaven,Heuchert,Kerstin,,W,0471,309-47312,309-47319,luther@schule.bremerhaven.de,J,gebundene Ganztagsschule,G,,,,,,,,,,,,Grundschule,http://lutherschule.bremerhaven.de/
164,Marktschule,,Ganztagsschule - Grundschule,,,Brookstr. 3,27580,Bremerhaven,Mittrowann,Ute,,W,0471,391-3960,391-39617,markt@schule.bremerhaven.de,J,offene Ganztagsschule,G,,,,,,,,,,,,Grundschule,http://marktschule.bremerhaven.de/
165,Astrid-Lindgren-Schule,,Ganztagsschule -Grundschule,Förderzentrum f. d. Bereiche,"Lernen, Sprache und Verhalten",Frenssenstr. 49,27576,Bremerhaven,von Häfen,Anja,,W,0471,391-5590,391-55926,a.lindgren@schule.bremerhaven.de,J,gebundene Ganztagsschule,G,,,,,,,,,,,,Grundschule,http://astrid-lindgren-schule.bremerhaven.de/
166,Gaußschule I,,,,,Gaußstr. 107,27580,Bremerhaven,Köster,Janett,,W,0471,3082410,3082412,gauss1@schule.bremerhaven.de,N,,G,,,,,,,,,,,,Grundschule,
167,Fritz-Husmann-Schule,,,,,Debstedter Weg 84,27578,Bremerhaven,Wollenberg,Doris,,W,0471,391-3730,391-3739,f.husmann@schule.bremerhaven.de,N,,G,,,,,,,,,,,,Grundschule,
168,Karl-Marx-Schule,,Ganztagsschule - Grundschule,,,Ferdinand-Lassalle-Str. 102,27578,Bremerhaven,Jung,Susanne,,W,0471,391-3990,391-3999,k.marx@schule.bremerhaven.de,J,offene Ganztagsschule,G,,,,,,,,,,,,Grundschule,
169,Friedrich-Ebert-Schule,,"Grundschule, Förderzentrum für die","Bereiche Lernen, Sprache und",Verhalten,Mecklenburger Weg 174,27578,Bremerhaven,Damrath,Andrea,,W,0471,391-3650,391-3659,f.ebert@schule.bremerhaven.de,N,,G,,,,,,,,,,,,Grundschule,
174,Gaußschule II,,Oberschule,,,Gaußstr. 107,27580,Bremerhaven,Martens,Sabine,,W,0471,3082420,3082422,gauss2@schule.bremerhaven.de,N,,ObSch,VBK I,,,,,,,,,,,Oberschule,http://gauss2.bremerhaven.de
176,Schule Am Leher Markt,,Oberschule,Ganztagsschule,,Brookstr. 7,27580,Bremerhaven,Hoffmann,Eike Susanne,,W,0471,391-3880,391-3899,salm@schule.bremerhaven.de,J,offene Ganztagsschule,ObSch,VBK I,,,,,,,,,,,Oberschule,http://www.salm-bhv.de/
216,Schule an der Züricher Straße,,Förderzentrum für die Bereiche,Krankenhaus- und Hausunterricht,,Züricher Str. 40,28325,Bremen,Behrmann,Joerg,,M,0421,408-1621,03212-1023528,216@bildung.bremen.de,N,,,,,,,,,,,,,Osterholz,Förderzentrum sonstige,http://www.krankenhausschule.schule.bremen.de
223,Schule an der Fritz-Gansberg-Straße,,Förderzentrum für den Bereich,sozial-emotionale Entwicklung,,Fritz-Gansberg-Str. 22,28213,Bremen,Schipfer,Thomas,,M,0421,361-96022,361-96021,223@bildung.bremen.de,N,,FÖZ sonst.,,,,,,,,,,,Schwachhausen,Förderzentrum sonstige,http://www.fritz-gansberg.schule.bremen.de
225,Georg-Droste-Schule,,Förderzentrum für Sehen und visuelle Wahrnehmung,,,An der Gete 103,28211,Bremen,Wiechmann-Doil,Birgit,,W,0421,361-3001,361-3149,225@bildung.bremen.de,N,,FÖZ sonst.,,,,,,,,,,,Schwachhausen,Förderzentrum sonstige,http://225.schule.bremen.de
226,Paul-Goldschmidt-Schule,,Förderzentrum für körperliche und motorische Entwicklung,,,Louis-Seegelken-Str. 130,28717,Bremen,Brueckner,Martina,,W,0421,361-7150,361-7156,226@bildung.bremen.de,N,,FÖZ sonst.,,,,,,,,,,,Burglesum,Förderzentrum sonstige,http://www.paul-goldschmidt-schule.de
227,Schule an der Marcusallee,,Förderzentrum für Hören und Kommunikation,,,Marcusallee 31,28359,Bremen,Hohenhinnebusch,Thomas,,M,0421,361-14360,361-3383,227@bildung.bremen.de,N,,FÖZ sonst.,,,,,,,,,,,Horn/Borgf./Oberneuland,Förderzentrum sonstige,http://www.schulemarcusallee.de
253,Anne-Frank-Schule,,Förderzentrum für die Bereiche,Wahrnehmungs- und Entwicklungsförd.,,Wurster Str. 387,27580,Bremerhaven,Haupt,Susann,,W,0471,391-3690,391-3694,a.frank@schule.bremerhaven.de,N,,FÖZ sonst.,,,,,,,,,,,,Förderzentrum sonstige,
301,Erwachsenenschule,(Schulzentrum für Erwachsene),,,,Doventorscontrescarpe (Block A) 172,28195,Bremen,Eilers-Born,Birgit,,W,0421,361-10759,361-17080,301@bildung.bremen.de,N,,VZBBR,TZBBR,VZMSA,TZMSA,AGO,KOL,VBK I,,,,,Mitte/östl. Vorstadt,Abendschule/Erwachsenen Schule,http://www.erwachsenenschule.de
302,Altes Gymnasium,,,,,Kleine Helle 7,28195,Bremen,Köhler,Angela,Dr.,W,0421,361-16990,361-16995,302@bildung.bremen.de,J,teilgebundene Ganztagsschule,GY,GO,VBK I,,,,,,,,,Mitte/östl. Vorstadt,Durchgängiges Gymnasium,http://www.altes-gymnasium-bremen.de
305,Gymnasium Vegesack,,,,,Kerschensteinerstr. 2,28757,Bremen,Ohler,Heike,,W,0421,361-7305,361-79508,305@bildung.bremen.de,N,,GY,GO,VBK I,,,,,,,,,Vegesack,Durchgängiges Gymnasium,http://www.gymnasium-vegesack-bremen.de
306,Gymnasium an der Hamburger Straße,,,,,Hamburger Str. 12,28205,Bremen,Dreyer,Claudia,,W,0421,361-96930,361-96944,306@bildung.bremen.de,N,,GY,GO,VBK I,,,,,,,,,Mitte/östl. Vorstadt,Durchgängiges Gymnasium,http://www.habu.schule.bremen.de
307,Alexander-von-Humboldt-Gymnasium,,Gymnasium,,,Delfter Str. 16,28259,Bremen,Mascher,Peggy,,W,0421,361-16470,361-16709,307@bildung.bremen.de,N,,GY,VBK II,GO,VBK I,,,,,,,,Huchting,Durchgängiges Gymnasium,http://www.humboldtgymnasium-bremen.de
308,Hermann-Böse-Gymnasium,,,,,Hermann-Böse-Str. 1-9,28209,Bremen,Müller,Sibylle,,W,0421,361-6272,361-6285,308@bildung.bremen.de,N,,GY,GO,VBK I,,,,,,,,,Schwachhausen,Durchgängiges Gymnasium,http://www.hbg-bremen.de
309,Gymnasium Horn,,,,,Vorkampsweg 97,28359,Bremen,Kelm,Christel,,W,0421,361-14260,361-14265,309@bildung.bremen.de,N,,GY,GO,VBK I,,,,,,,,,Horn/Borgf./Oberneuland,Durchgängiges Gymnasium,http://www.gymnasium-horn.de
312,Kippenberg-Gymnasium,,,,,Schwachhauser Heerstr. 62,28209,Bremen,Pribbernow,Hermann,,M,0421,361-3640,361-59093,312@bildung.bremen.de,N,,GY,GO,VBK I,,,,,,,,,Schwachhausen,Durchgängiges Gymnasium,http://www.kippenberg-gymnasium.de
324,Gymnasium Links der Weser,,,,,Alfred-Faust-Str. 6,28277,Bremen,Sudmann,Uwe,,M,0421,361-16360,361-16618,324@bildung.bremen.de,J,teilgebundene Ganztagsschule,GY,GO,VBK I,,,,,,,,,Obervieland,Durchgängiges Gymnasium,http://www.gymnasium-ldw.de
331,Schulzentrum Carl von Ossietzky,,Gymnasium (Oberstufe),,,Schiffdorfer Chaussee 97,27574,Bremerhaven,Beck,Ingo,,M,0471,391-39130,391-39139,cvo.gyo@schule.bremerhaven.de,N,,VBK II,GO,,,,,,,,,,,Schulzentrum des Sekundarbereich  II (Gymnasiale Oberstufe),
333,Schulzentrum Geschwister Scholl,,Gymnasium (Oberstufe),,,Walter-Kolb-Weg 2,27568,Bremerhaven,grüninger,York,,M,0471,3000110,3000113,scholl.gyo@schule.bremerhaven.de,N,,GO,,,,,,,,,,,,Schulzentrum des Sekundarbereich  II (Gymnasiale Oberstufe),
334,Lloyd Gymnasium Bremerhaven,Haus Grazer Straße,Gymnasium,,,Grazer Str. 61,27568,Bremerhaven,Hierath,Lars,,M,0471,3000100,3000159,lloyd.gy@schule.bremerhaven.de,N,,GY,GO,VBK I,,,,,,,,,,Durchgängiges Gymnasium,
349,Abendschule Bremerhaven,,,,,Sonnenstr. 22,27568,Bremerhaven,Rahn,Axel,,M,0471,391-3601,391-3603,abend@schule.bremerhaven.de,N,,TZBBR,TZMSA,AGO,,,,,,,,,,Abendschule/Erwachsenen Schule,
351,Allgemeine Berufsbildende Schule,,,,,Steffensweg 171,28217,Bremen,Grönegreß,Frank,,M,0421,361-19639,361-59667,351@bildung.bremen.de,N,,BS,AVBG/TZ,AVBG/VZ,,,,,,,,,Findorff / Walle,Berufsbildende Schule,http://www.abs-bremen.de
352,Berufsbildende Schule für Metalltechnik,,,,,Reiherstr. 80,28239,Bremen,Fidan,Andrea,,W,0421,361-18042,361-59533,352@bildung.bremen.de,N,,WerkSch,BS,AVBG/VZ,BFSQ,BFS3,,,,,,,Gröpelingen,Berufsbildende Schule,http://www.bfm-bremen.de
355,Wilhelm Wagenfeld Schule,,"Berufsbildende Schule für Kunst, Design und Medien",,,Delfter Str. 16,28259,Bremen,Strauch,Hans-Jürgen,Dr. phil.,M,0421,361-16620,361-59040,355@bildung.bremen.de,N,,WerkSch,BS,AVBG/VZ,BGY,FOS,,,,,,,Huchting,Berufsbildende Schule,http://www.wilhelm-wagenfeld-schule.de
358,Schulzentrum des Sekundarbereichs II,Vegesack,Berufliche Schulen für Metall- und,Elektrotechnik,,Kerschensteinerstr. 5,28757,Bremen,Kaus,Peter,,M,0421,361-79550,361-79574,358@bildung.bremen.de,N,,WerkSch,BS,AVBG/VZ,BFS2,BFS3,FOS,,,,,,Vegesack,Berufsbildende Schule,http://sz-vegesack.de/
359,Berufsbildende Schule für Einzelhandel und Logistik,,,,,Carl-Goerdeler-Str. 27,28327,Bremen,Hagen,Robbin,,M,0421,361-14280,361-14297,359@bildung.bremen.de,N,,BS,AVBG/VZ,BFS3,,,,,,,,,Vahr,Berufsbildende Schule,http://www.bs-einzelhandel.de
360,"Berufsschule für den Großhandel,",Außenhandel und Verkehr,,,,Ellmersstr. 24,28217,Bremen,Ollmann,Katja,,W,0421,361-8647,361-16621,360@bildung.bremen.de,N,,BS,AVBG/VZ,,,,,,,,,,Findorff / Walle,Berufsbildende Schule,http://www.bs-gav.de
361,Schulzentrum Grenzstraße,,Berufsbildende Schule für Wirtschaft und Verwaltung,,,Grenzstr. 90,28217,Bremen,Hons,Peter,,M,0421,361-5637/8/9,361-59640,361@bildung.bremen.de,N,,BS,AVBG/TZ,AVBG/VZ,BFS3,BGY,,,,,,,Findorff / Walle,Berufsbildende Schule,http://www.sz-grenzstrasse.de
364,Schulzentrum des Sekundarbereichs II,Neustadt,Berufliche Schulen für Hauswirtschaft,und Sozialpädagogik,,Delmestr. 141 B,28199,Bremen,Mahlmann,Judith Nancy,,W,0421,361-18340,361-18351,364@bildung.bremen.de,N,,WerkSch,BS,AVBG/VZ,BFS2,BFS3,BGY,FOS,FS,,,,Neustadt,Berufsbildende Schule,http://www.szn-bremen.de
368,Schulzentrum des Sekundarbereichs II,Utbremen,Europaschule,,,Meta-Sattler-Str. 33,28217,Bremen,Weigelt,Tobias,,M,0421,361-59688 oder 89,361-16019,368@bildung.bremen.de,N,,BS,AVBG/VZ,BFS2,FOS,BFS3DQ,BFS4DQ,BOS,,,,,Findorff / Walle,Berufsbildende Schule,http://www.szut.de
369,Technisches Bildungszentrum Mitte,,"Berufsbildende Schule für Elektrotechnik,",Fahrzeugtechnik und Metalltechnik,,An der Weserbahn 4,28195,Bremen,Metag,Jörg,,M,0421,361-16770,361-3077,369@bildung.bremen.de,N,,WerkSch,BS,AVBG/VZ,BFSQ,BFS3,BGY,FOS,,,,,Mitte/östl. Vorstadt,Berufsbildende Schule,http://www.tbz-bremen.de
382,Kaufmännische Lehranstalten,Berufsbildende Schulen für Wirtschaft und Verwaltung,,,,Max-Eyth-Platz 3-4,27568,Bremerhaven,Reckemeyer,Peter,,M,0471,391-3530,391-3559,smidt.kla@schule.bremerhaven.de,N,,BS,AVBG/VZ,BFS2,BFS3,BGY,FOS,,,,,,,Berufsbildende Schule,
383,Schulzentrum Geschwister Scholl,,Berufsbildende Schulen Sophie Scholl,,,Walter-Kolb-Weg 2,27568,Bremerhaven,Müller,Ingrid,,W,0471,3000120,3000123,BS.SophieScholl@schule.bremerhaven.de,N,,BS,AVBG/VZ,BFS2,BFS3,BGY,FOS,FS,BFS3DQ,,,,,Berufsbildende Schule,
384,Werkstattschule Bremerhaven,,,,,Hinrich-Schmalfeldt-Str. 26,27576,Bremerhaven,Barjenbruch,Martin,,M,0471,958-4430,501-0557,werkstattschule@nord-com.net,N,,FÖZ sonst.,AVBG/TZ,AVBG/VZ,,,,,,,,,,Berufsbildende Schule,http://www.vbs-bremerhaven.de
385,Schulzentrum Carl von Ossietzky,Berufliche Schule für Technik,,,,Georg-Büchner-Str. 7,27574,Bremerhaven,Thölken,Arno,,M,0471,39198-101,39198-256,SZCvO.BS.Technik@schule.bremerhaven.de,N,,BS,AVBG/TZ,AVBG/VZ,BFS3,FOS,,,,,,,,Berufsbildende Schule,http://www.vbs-bremerhaven.de
386,Schulzentrum Carl von Ossietzky,"Berufliche Schule für Dienstleistungen, Gewerbe und Gestaltung",,,,Georg-Büchner-Str. 13,27574,Bremerhaven,Jentsch,Bodo,,M,0471,309-46510,309-44522,SZCvO.BS.Dienstleistung@schule.bremerhaven.de,N,,BS,AVBG/VZ,BFS3,BGY,FOS,,,,,,,,Berufsbildende Schule,http://www.vbs-bremerhaven.de
403,Oberschule an der Helsinkistraße,,,,,Helsinkistr. 10,28719,Bremen,Bugiel,Barbara,,W,0421,361-79070,361-79071,403@bildung.bremen.de,J,teilgebundene Ganztagsschule,ObSch,VBK I,,,,,,,,,,Burglesum,Oberschule,http://www.oberschule-helsinkistrasse.de/
404,Wilhelm-Olbers-Oberschule,,,,,Drebberstr. 10,28309,Bremen,Braunschweiger,Anke,,W,0421,361-59539,361-59548,404@bildung.bremen.de,J,teilgebundene Ganztagsschule,ObSch,VBK II,GO,VBK I,,,,,,,,Hemelingen,Oberschule,http://www.wilhelm-olbers-schule.de
409,Oberschule an der Koblenzer Straße,,,,,Koblenzer Str. 15,28325,Bremen,Schreyer,Marcus,,M,0421,361-3029,361-15463,409@bildung.bremen.de,J,teilgebundene Ganztagsschule,ObSch,VBK I,,,,,,,,,,Osterholz,Oberschule,http://www.osk-bremen.org
410,Oberschule an der Lerchenstraße,,,,,Lerchenstr. 86,28755,Bremen,Addicks-Fitschen,Kirsten,,W,0421,361-79263,361-79262,410@bildung.bremen.de,N,,ObSch,GO,VBK I,,,,,,,,,Vegesack,Oberschule,http://www.oberschule-lerche.de
412,Oberschule Roter Sand,,,,,Butjadinger Str. 21,28197,Bremen,Steen,Holger Otto,,M,0421,361-96800,361-96812,412@bildung.bremen.de,J,teilgebundene Ganztagsschule,ObSch,VBK I,,,,,,,,,,Woltmershausen,Oberschule,http://www.oberschule-roter-sand.de
414,Oberschule an der Lehmhorster Straße,,,,,Lehmhorster Str. 5,28779,Bremen,Stolze,Horst,,M,0421,361-79352,361-79362,414@bildung.bremen.de,J,teilgebundene Ganztagsschule,ObSch,VBK I,,,,,,,,,,Blumenthal,Oberschule,http://www.os-lehmhorster.de
416,Oberschule Rockwinkel,,,,,Uppe Angst 31,28355,Bremen,Dahm,Michaela,Dr. phil.,W,0421,361-16627,361-16637,416@bildung.bremen.de,N,,ObSch,GO,VBK I,,,,,,,,,Horn/Borgf./Oberneuland,Oberschule,http://www.rockwinkel.schule.bremen.de
417,Oberschule an der Schaumburger Straße,,,,,Schaumburger Str. 49 A,28205,Bremen,Mc Callum,Annette,,W,0421,361-96880,361-96886,417@bildung.bremen.de,N,,ObSch,VBK I,,,,,,,,,,Mitte/östl. Vorstadt,Oberschule,http://www.die-schaumburger.de
418,Oberschule an der Ronzelenstraße,,,,,Ronzelenstr. 51,28359,Bremen,Koopmann,Jürgen,,M,0421,361-3144,361-15161,418@bildung.bremen.de,J,teilgebundene Ganztagsschule,ObSch,GO,VBK I,,,,,,,,,Horn/Borgf./Oberneuland,Oberschule,http://www.oberschule-ronzelen.de
423,Oberschule Habenhausen,,,,,Bunnsackerweg 2,28279,Bremen,Hennig-Naß,Ursula,,W,0421,361-3454,361-15226,423@bildung.bremen.de,N,,ObSch,VBK I,,,,,,,,,,Obervieland,Oberschule,http://oberschule-habenhausen.de
424,Oberschule an der Helgolander Straße,,,,,Helgolander Str. 67,28217,Bremen,Brücker-Götz,Ingrid,,W,0421,361-17030,361-17036,424@bildung.bremen.de,J,teilgebundene Ganztagsschule,ObSch,VBK I,,,,,,,,,,Findorff / Walle,Oberschule,http://www.oshelgolander.de
425,Oberschule an der Julius-Brecht-Allee,,,,,Konrad-Adenauer-Allee 86,28329,Bremen,Borges,Jörn Peter,,M,0421,361-16027,361-16037,425@bildung.bremen.de,J,teilgebundene Ganztagsschule,ObSch,VBK I,,,,,,,,,,Vahr,Oberschule,http://www.jba-bremen.de/
428,Oberschule Findorff,,,,,Gothaer Str. 60,28215,Bremen,Lütjen,Uwe,,M,0421,361-96910,361-96923,428@bildung.bremen.de,J,teilgebundene Ganztagsschule,ObSch,GO,VBK I,,,,,,,,,Findorff / Walle,Oberschule,http://www.Oberschule-findorff.de
429,Oberschule Sebaldsbrück,,,,,Parsevalstr. 1,28309,Bremen,Bundesmann,Claudia,,W,0421,361-3394,361-59205,429@bildung.bremen.de,J,teilgebundene Ganztagsschule,ObSch,VBK I,,,,,,,,,,Hemelingen,Oberschule,http://www.oberschule-sebaldsbrueck.de
430,Oberschule am Waller Ring,,,,,Bremerhavener Str. 83,28219,Bremen,Riebeling,Renate,,W,0421,361-5630,361-59610,430@bildung.bremen.de,N,,ObSch,VBK I,,,,,,,,,,Findorff / Walle,Oberschule,http://www.sz-waller-ring.de
431,Roland zu Bremen Oberschule,,,,,Flämische Str. 9,28259,Bremen,Sariyildiz,Ayten,,W,0421,361-15971,361-15132,431@bildung.bremen.de,J,teilgebundene Ganztagsschule,ObSch,VBK I,,,,,,,,,,Huchting,Oberschule,http://roland-oberschule.de
436,Wilhelm-Kaisen-Oberschule,,,,,Valckenburghstr. 1-3,28201,Bremen,Seipke,Oliver,,M,0421,361-59330,361-59333,436@bildung.bremen.de,J,teilgebundene Ganztagsschule,ObSch,VBK I,,,,,,,,,,Neustadt,Oberschule,http://www.wilhelm-kaisen-schule.de
438,Albert-Einstein-Oberschule,,,,,Kolk 2,28327,Bremen,Pörtner,Ursula Maria,,W,0421,361-18395,,438@bildung.bremen.de,J,teilgebundene Ganztagsschule,ObSch,VBK I,,,,,,,,,,Osterholz,Oberschule,http://aes-bremen.de
440,Oberschule im Park,,,,,Am Oslebshauser Park 1-3,28239,Bremen,Steinhauer,Monika Maria,,W,0421,361-9265,361-9131,440@bildung.bremen.de,J,teilgebundene Ganztagsschule,ObSch,VBK I,,,,,,,,,,Gröpelingen,Oberschule,http://www.os-im-park.de
441,Oberschule Am Barkhof,,,,,Parkallee 39,28209,Bremen,Roggendorf,Nicola,,W,0421,361-15587,496-15587,441@bildung.bremen.de,N,,ObSch,VBK I,,,,,,,,,,Schwachhausen,Oberschule,http://www.barkhof.schule.bremen.de
442,Oberschule Ohlenhof,,,,,Halmerweg 71,28237,Bremen,Reinders,Silke,,W,0421,361-94246,361-94232,442@bildung.bremen.de,N,,ObSch,VBK I,,,,,,,,,,Gröpelingen,Oberschule,http://www.oberschule-ohlenhof.de
443,Oberschule an der Egge,,,,,Eggestedter Str. 20,28779,Bremen,Kraatz-Röper,Andreas,,M,0421,361-79154,361-79150,443@bildung.bremen.de,N,,ObSch,GO,VBK I,,,,,,,,,Blumenthal,Oberschule,http://www.oberschuleanderegge.de
444,Neue Oberschule Gröpelingen,,,,,Ernst-Waldau-Str. 1 A,28239,Bremen,Jacobsen,Sabine,,W,0421,361-18319,361-18434,444@bildung.bremen.de,J,teilgebundene Ganztagsschule,ObSch,VBK I,,,,,,,,,,Gröpelingen,Oberschule,http://www.nog.schule.bremen.de
445,Oberschule an der Kurt-Schumacher-Allee,,,,,Kurt-Schumacher-Allee 65,28327,Bremen,Sauter-Schmidt,Christian,,M,0421,361-5650,361-59856,445@bildung.bremen.de,J,teilgebundene Ganztagsschule,ObSch,GO,VBK I,,,,,,,,,Vahr,Oberschule,http://www.ksa-bremen.de
451,Humboldtschule,,Oberschule,,,Schillerstr. 87,27570,Bremerhaven,Loell,Ralf-Dieter,,M,0471,391-3770,391-3799,humboldt@schule.bremerhaven.de,N,,ObSch,VBK I,,,,,,,,,,,Oberschule,
452,Wilhelm-Raabe-Schule,,Oberschule,,,Friedrich-Ebert-Str. 10,27570,Bremerhaven,Müller,Stefanie,,W,0471,391-3832,391-3849,w.raabe@schule.bremerhaven.de,N,,ObSch,VBK I,,,,,,,,,,,Oberschule,
456,"Schulzentrum Carl von Ossietzky, Oberschule",,Oberschule,,,Georg-Büchner-Str. 5,27574,Bremerhaven,Mondwurf,Georg,Dr.,M,0471,391-39122,391-39129,CvO.Ober@schule.bremerhaven.de,J,gebundene Ganztagsschule,ObSch,VBK I,,,,,,,,,,,Oberschule,http://www.cvo-oberschule.de/
457,Paula-Modersohn-Schule,,Oberschule,Ganztagsschule,,Dreibergen 21,27572,Bremerhaven,Wolff,Joachim,Dr.,M,0471,3001013,3001030,p.modersohn@schule.bremerhaven.de,J,offene Ganztagsschule,ObSch,,,,,,,,,,,,Oberschule,http://paula-modersohn-schule.de/
458,Johann-Gutenberg-Schule,,Oberschule,,,Fuhrenweg 3-19,27578,Bremerhaven,Rademacher,Stephan,,M,0471,391-3800,391-38026,j.gutenberg@schule.bremerhaven.de,N,,ObSch,VBK I,,,,,,,,,,,Oberschule,
501,Gesamtschule Bremen-West,an der Lissaer Straße,,,,Lissaer Str. 7,28237,Bremen,Schmuhl,Matthias,,M,0421,361-14611,49614620,501@bildung.bremen.de,J,gebundene Ganztagsschule,ObSch,VBK I,,,,,,,,,,Gröpelingen,Oberschule,http://www.gesamtschule-west.de
502,Gesamtschule Bremen-Ost,an der Walliser Straße,Oberschule und Ganztagsschule,,,Walliser Str. 125,28325,Bremen,Utz,Hans-Martin,,M,0421,361-59802,361-59831,502@bildung.bremen.de,J,gebundene Ganztagsschule,ObSch,GO,VBK I,,,,,,,,,Osterholz,Oberschule,http://www.gso-bremen.de
503,Oberschule Lesum,,,,,Steinkamp 6,28717,Bremen,Struß-Bembenek,Waltraud,,W,0421,361-7185,361-7021,503@bildung.bremen.de,N,,ObSch,VBK I,,,,,,,,,,Burglesum,Oberschule,http://www.oberschule-lesum.de
504,Gesamtschule Bremen-Mitte,an der Hemelinger Straße,Oberschule und Ganztagsschule,,,Hemelinger Str. 11,28205,Bremen,Fernholz,Jutta,,W,0421,361-3135,361-18180,504@bildung.bremen.de,J,teilgebundene Ganztagsschule,ObSch,VBK I,,,,,,,,,,Mitte/östl. Vorstadt,Oberschule,http://www.gsm-bremen.de
505,Oberschule an der Hermannsburg,,,,,Hermannsburg 32 F,28259,Bremen,Kaschub,Achim,,M,0421,361-15960,361-15964,505@bildung.bremen.de,J,teilgebundene Ganztagsschule,ObSch,VBK I,,,,,,,,,,Huchting,Oberschule,http://www.osh-bremen.de/
506,Oberschule am Leibnizplatz,,,,,Schulstr. 24,28199,Bremen,Frizi,Hamid,,M,0421,361-5785,361-59193,506@bildung.bremen.de,J,teilgebundene Ganztagsschule,ObSch,GO,VBK I,,,,,,,,,Neustadt,Oberschule,http://www.leibnizplatz.de
509,Oberschule In den Sandwehen,,,,,Neuenkirchener Weg 119,28779,Bremen,Wegner,Stephan,,M,0421,361-79043,361-79025,509@bildung.bremen.de,J,gebundene Ganztagsschule,ObSch,VBK I,,,,,,,,,,Blumenthal,Oberschule,http://www.sandwehen.de
511,Wilhelm-Focke-Oberschule,,,,,Bergiusstr. 125,28357,Bremen,Warszewik-König,Beata-Alicja,,W,0421,361-16084,361-16395,511@bildung.bremen.de,J,teilgebundene Ganztagsschule,ObSch,VBK I,,,,,,,,,,Horn/Borgf./Oberneuland,Oberschule,http://www.wilhelm-focke-oberschule.de
512,Gerhard-Rohlfs-Oberschule,,,,,Kirchheide 9,28757,Bremen,Borges-Postulka,Kathrin Annette,,W,0421,361-79513,361-79515,512@bildung.bremen.de,J,teilgebundene Ganztagsschule,ObSch,VBK I,,,,,,,,,,Vegesack,Oberschule,http://www.512.schule.bremen.de
551,Heinrich-Heine-Schule,,Oberschule,Ganztagsschule,,Hans-Böckler-Str. 30,27578,Bremerhaven,N.N.,,,,0471,391-35013,391-35010,h.heine@schule.bremerhaven.de,J,offene Ganztagsschule,ObSch,,,,,,,,,,,,Oberschule,http://www.heinrich-heine-gesamtschule.de/
552,Schule am Ernst-Reuter-Platz,,Oberschule,Ganztagsschule,,Hafenstr. 122,27576,Bremerhaven,Ehlers,Meike,,W,0471,309493-10,309493-19,Ernst@schule.bremerhaven.de,J,gebundene Ganztagsschule,ObSch,VBK I,,,,,,,,,,,Oberschule,http://dieernst.de/
553,Oberschule Geestemünde,,Oberschule,Ganztagsschule,,Flensburger Str. 10,27570,Bremerhaven,Hüller,Ana Isabel,,M,0471,309-55540,309-55549,OBS.Geestemuende@schule.bremerhaven.de,J,teilgebundene Ganztagsschule,ObSch,,,,,,,,,,,,Oberschule,http://oberschulegeestemuende.bremerhaven.de/
601,Schulzentrum des Sekundarbereichs II,an der Alwin-Lonke-Straße,Berufliche Schulen,"für Bautechnik, Gestaltung und Agrarwirtschaft",,Alwin-Lonke-Str. 71,28719,Bremen,Stutzinger,Wolfgang,,M,0421,361-16560,361-16609,601@bildung.bremen.de,N,,WerkSch,BS,AVBG/VZ,BFS2,BFS3,BGY,FOS,BOS,,,,Burglesum,Berufsbildende Schule,http://szals.schule.bremen.de/
602,Schulzentrum des Sekundarbereichs II,an der Bördestraße,"Abteilungen: Gymnasium, Berufliche Schulen",für Wirtschaft und Verwaltung,,Bördestr. 10,28717,Bremen,Zschüntzsch,Markus,,M,0421,361-7180,361-7182,602@bildung.bremen.de,N,,VBK II,GO,BS,AVBG/TZ,AVBG/VZ,BFS2,BFS3,FOS,,,,Burglesum,Berufsbildende Schule,http://www.sz-boerde.de
603,Schulzentrum des Sekundarbereichs II,Blumenthal,Berufliche Schulen,für Hauswirtschaft und Sozialpädagogik,,Eggestedter Str. 20,28779,Bremen,Haurenherm,Rita,,W,0421,361-79155,361-79150,603@bildung.bremen.de,N,,WerkSch,AVBG/TZ,AVBG/VZ,BFS2,BFS3,FOS,FS,,,,,Blumenthal,Berufsbildende Schule,http://www.sz-blumenthal.de
618,Schulzentrum des Sekundarbereichs II,Walle,"Abteilungen: Gymnasium, Berufliche Schulen",für Gesundheit,,Lange Reihe 81,28219,Bremen,Möller,Matthias,,M,0421,361-8516,361-8527,618@bildung.bremen.de,N,,GO,BS,AVBG/TZ,AVBG/VZ,BFS2,BFS3,BGY,FOS,BOS,,,Findorff / Walle,Berufsbildende Schule,http://www.szwalle.de
698,Helmut Schmidt Schule,,Berufsbildende Schule für Wirtschaft,,,Walliser Str. 125,28325,Bremen,Eisenach,Werner,,M,0421,361-18250,361-16726,698@bildung.bremen.de,N,,WerkSch,BS,AVBG/TZ,AVBG/VZ,BFS3,,,,,,,Osterholz,Berufsbildende Schule,http://www.hss-hb.de
699,Schulzentrum des Sekundarbereichs II,am Rübekamp,"Abteilungen: Gymnasium, Berufliche Schulen",für das Nahrungsgewerbe,,Rübekamp 37-39,28219,Bremen,Horn,Börje,,M,0421,361-14700,361-14703,699@bildung.bremen.de,N,,WerkSch,VBK II,GO,BS,AVBG/VZ,BFS3,BGY,FOS,,,,Findorff / Walle,Berufsbildende Schule,http://www.ruebekamp.de
801,St.-Johannis-Schule,,Schule des Katholischen Gemeinde-,verbandes in Bremen -Grundschule-,,Tiefer 12,28195,Bremen,Florian,Holger,,M,0421,3694-171,3694-214,st.-johannis-schule-gs@kshb.de,J,offene Ganztagsschule,G,,,,,,,,,,,Mitte/östl. Vorstadt,Private Grundschule,http://johannis.kshb.de/
803,St.-Marien-Schule,,Schule des Katholischen Gemeinde-,verbandes in Bremen,,Hauffstr. 2,28217,Bremen,Korte,Elsbeth,,W,0421,3809370,3989019,gs-st.marien@kshb.de,J,teilgebundene Ganztagsschule,G,,,,,,,,,,,Findorff / Walle,Private Grundschule,http://marien.kshb.de/
805,Freie Evangelische Bekenntnisschule,Bremen,,,,Habenhauser Brückenstr. 1,28279,Bremen,Balters,Dirk,,M,0421,83936-100,83936-119,wshabenhausen@febb.de,N,,ObSch,Sek,GY,GO,,,,,,,,Obervieland,Private weiterführende Schule (GS oder IHR mit Gy),
806,Freie Waldorfschule Bremen,,,,,Touler Str. 3,28211,Bremen,Huxoll,Matthias,,M,0421,491430,4914343,kontakt@freie-waldorfschule-bremen.de,N,,GS,GO,G,,,,,,,,,Schwachhausen,Private Waldorfschule,http://www.freie-waldorfschule-bremen.de
807,Privatschule Mentor gGmbH,,,,,Schwarzer Weg 96,28239,Bremen,Conzelmann,Dorothea,,W,0421,6190-121,6190-123,info@privatschule-mentor.de,J,offene Ganztagsschule,GS,GO,,,,,,,,,,Gröpelingen,Private weiterführende Schule (GS oder IHR mit Gy),http://www.privatschule-mentor.de/
809,Tobias-Schule Bremen,,"Förderzentrum Lernen, Heilpädagogische Waldorfschule",,,Rockwinkeler Landstr. 41-43,28355,Bremen,von Glahn,Dieter,,M,0421,259884,250627,kontakt@tobias-schule.de,J,offene Ganztagsschule,FÖZ-LSV,,,,,,,,,,,Horn/Borgf./Oberneuland,Private Sonderschule Lernen-Sprache-Verhalten,
810,St.-Johannis-Schule,,Schule des Katholischen Gemeinde-,verbandes in Bremen,,Dechanatstr. 9,28195,Bremen,Kieslich,Anette,,W,0421,3694-180,3694-186,sjs-bremen@kshb.de,N,,ObSch,GY,GO,VBK I,,,,,,,,Mitte/östl. Vorstadt,Private weiterführende Schule (GS oder IHR mit Gy),http://johannis.kshb.de
811,Ökumenisches Gymnasium zu Bremen,,,,,Oberneulander Landstr. 143 A,28355,Bremen,Dönch,Jan Andrees,,M,0421,223129-0,223129-10,office@oegym.de,J,offene Ganztagsschule,GY,GO,,,,,,,,,,Horn/Borgf./Oberneuland,Privates Durchgängiges Gymnasium,http://www.oegym.de
812,Technikerschule Bremen,,Fachschule für Technik,,,Schongauer Str. 2,28219,Bremen,Gerdes,Jörn,,M,0421,393089,3965608,info@technikerschule-bremen.de,N,,FS,,,,,,,,,,,Findorff / Walle,Private berufsbildende Schule,
813,Berufsbildungswerk Bremen GmbH,,Abt. Berufsschule,,,Universitätsallee 20,28359,Bremen,Möller,Torben,,M,0421,2383-221,2383-237,leitung@bbw-bremen.de,N,,BS,AVBG/TZ,,,,,,,,,,Horn/Borgf./Oberneuland,Private berufsbildende Schule,
815,International School of Bremen,,,,,Badgasteiner Str. 11,28359,Bremen,Davis,Malcolm,,M,0421,515779-0,515779-55,office@isbremen.de,J,gebundene Ganztagsschule,GS,GO,G,,,,,,,,,Horn/Borgf./Oberneuland,Private weiterführende Schule (GS oder IHR mit Gy),http://www.isbremen.de/
816,Freie Waldorfschule,Bremen Osterholz,,,,Graubündener Str. 4,28325,Bremen,Filzen,Sabine,,W,0421,411441,411421,info@waldorfschule-bremen-osterholz.de,J,teilgebundene Ganztagsschule,GS,GO,G,,,,,,,,,Osterholz,Private Waldorfschule,http://www.waldorfschule-bremen-osterholz.de
817,Freie Evangelische Bekenntnisschule,Bremen -Grundschule-,,,,Steinsetzerstr. 6-8,28279,Bremen,Seggermann,Hartwig,,M,0421,83936-300,83936-311,gshabenhausen@febb.de;gsvahr@febb.de,J,offene Ganztagsschule,G,,,,,,,,,,,Obervieland,Private Grundschule,http://www.freie-evangelische-bekenntnisschule.de
818,Freie Waldorfschule,Bremen-Nord,- Grundschule -,,,Fresenbergstr. 26,28779,Bremen,Petermann,Kirsten,,M,0421,4605210,4605211,office@fws-bremen-nord.de,N,,GS,GO,G,,,,,,,,,Blumenthal,Private Waldorfschule,
819,EUMAC-European Musical Academy,,Private Berufsfachschule für,Musicaldarsteller Ltd.,,Waller Heerstr. 165,28219,Bremen,Blaeschke,Thomas,,M,0421,377-5018,377-5010,mail@eumac.info,N,,BFS2,,,,,,,,,,,Findorff / Walle,Private berufsbildende Schule,
820,Eduard-Nebelthau-Gymnasium,,,,,Lesumer Heerstr. 38,28717,Bremen,Nordhoff,Bianca,,M,0421,63819902,63819988,sekretariat@nebelthau-gymnasium.de,J,offene Ganztagsschule,GY,GO,,,,,,,,,,Burglesum,Privates Durchgängiges Gymnasium,http://www.friedehorst.de/gymnasium/
821,St.-Pius-Schule,,Grundschule in Trägerschaft der,Schulstiftung der Diözese Osnabrück,,Willakedamm 6,28259,Bremen,Kahle,Graciela,,W,0421,583877,583877,St.-Pius-Schule@kshb.de,N,,G,,,,,,,,,,,Huchting,Private Grundschule,
822,St.-Antonius-Schule,,Grundschule in Trägerschaft der,Schulstiftung der Diözese Osnabrück,,Oewerweg 40 A,28325,Bremen,Prevot,Annette,,W,0421,424299,,st.-antonius-schule@kshb.de,J,offene Ganztagsschule,G,,,,,,,,,,,Osterholz,Private Grundschule,
824,Kunstschule Wandsbek,BFS für Grafik- und Kommunikationsdesign,,,,Außer der Schleifmühle 4,28203,Bremen,Janssen,Uli,,M,0421,336-59125,,u.janssen@kunstschule-wandsbek.de,N,,BFS2,,,,,,,,,,,Mitte/östl. Vorstadt,Private berufsbildende Schule,
825,Freie Gemeinschaftsschule Bremen,,,,,Zum Sebaldsbrücker Bahnhof 59,28309,Bremen,Kumm,Gabrielle,,W,0421,699 99 96,699 99 96,info@fgs-bremen.de,N,,ObSch,,,,,,,,,,,Hemelingen,Private weiterführende Schule (GS oder IHR mit Gy),http://www.fgs-bremen.de
851,Edith-Stein-Schule,,,,,Grazer Str. 15 A,27568,Bremerhaven,Huisgen,Andreas,,M,0471,30859-40,30859-49,edith-stein-schule@katholische-schule-bremerhaven.de,N,,ObSch,Sek,,,,,,,,,,,Private weiterführende Schule (GS oder IHR mit Gy),
855,Grundschule Stella Maris,,,,,Grazer Str. 15 B,27568,Bremerhaven,Suermann,Detlef,,M,0471,30859-20,30859-29,grundschule-stella-maris@katholische-schule-bremerhaven.de,J,teilgebundene Ganztagsschule,G,,,,,,,,,,,,Private Grundschule,
881,Wirtschaft-und Sozialakademie der,Arbeitnehmerkammer Bremen Geschäftsbereich Bremerhaven,Private Berufsfachschule für Sozialassistenz,,,Hafenstr.128,27576,Bremerhaven,Kébreau,Cornelia,,W,0471,595-43/-22,595-30,d.schott@wisoak.de,N,,BFS2,,,,,,,,,,,,Private berufsbildende Schule,
900,Integratives Bildungszentrum (IBZ),am Klinikum Bremen-Ost,Ausbildungszentrum für Gesundheits-,und Pflegeberufe des Klinikums,Bremen-Nord und Bremen-Ost,Züricher Str. 40,28325,Bremen,Krol,Michael,,M,0421,408-1734,408-1985,ibz@klinikum-bremen-ost.de,N,,FS,,,,,,,,,,,Osterholz,Schule für Gesundheitsfachberufe (Klinikum),
902,Integratives Bildungszentrum (IBZ),am Klinikum Bremen-Mitte,Ausbildungsstätte für Gesundheits-,und Kinderkrankenpflege und,Gesundheits- und Krankenpflege,St.-Jürgen-Str. 1,28205,Bremen,Stellfeld-Ostendorf,Renate,,W,0421,497-5296,497-3343,ibz@klinikum-bremen-mitte.de,N,,FS,,,,,,,,,,,Mitte/östl. Vorstadt,Schule für Gesundheitsfachberufe (Klinikum),
908,Schule für technische Assistenten in der Medizin,am Klinikum Bremen-Mitte gGmbH/Radiologie,,Abt. Bremen und Bremerhaven,,St.-Jürgen-Str. 1,28205,Bremen,Finke,Peter C.,Prof. Dr.,M,0421,497-3472,497-4463,angela.freund@klinikum-bremen-mitte.de,N,,FS,,,,,,,,,,,Mitte/östl. Vorstadt,Schule für Gesundheitsfachberufe (Klinikum),
909,Bremer Heimstiftung,,Private Altenpflegeschule,,,Fedelhören 78,28203,Bremen,Dühring,Angela,,W,0421,2434-410,2434-419,bhs-altenpflege@bremer-heimstiftung.de,N,,BFS2,,,,,,,,,,,Mitte/östl. Vorstadt,Private berufsbildende Schule,
910,Friedehorst - Vereinigte Anstalten,der Inneren Mission,Private Altenpflegeschule,,,Rotdornallee 64,28717,Bremen,Cremer,Heinz,,M,0421,6381-414,6381-436,bfw.bremen-lesum@friedehorst.de,N,,BFS2,,,,,,,,,,,Burglesum,Private berufsbildende Schule,
912,Deutsche Außenhandels- und,Verkehrs-Akademie,Private Fachschule für Wirtschaft,,,Universitätsallee 18,28359,Bremen,Zink,Thomas,,M,0421,9499-1022,325456,thomas.zink@dav-akademie.de,N,,FS,,,,,,,,,,,Horn/Borgf./Oberneuland,Private berufsbildende Schule,
913,Joli Visage,Private Berufsfachschule für Kosmetik,,,,Norderoog 2,28259,Bremen,Hannemann,Michael,,M,0421,720240,7202439,info@joli-visage.de,N,,BFS2,,,,,,,,,,,Huchting,Private berufsbildende Schule,
914,Wirtschafts- und Sozialakademie der,Arbeitnehmerkammer Bremen gGmbH,Private Fachschule für Wirtschaft,,,Bertha-von-Suttner-Str. 17,28207,Bremen,Fleischer,Helga,,W,0421,4499639,4499651,h.fleischer@wisoak.de,N,,FS,,,,,,,,,,,Hemelingen,Private berufsbildende Schule,
919,Institut für Berufs- und,Sozialpädagogik e.V.,Private Altenpflegeschule,,,An der Silberpräge 5,28309,Bremen,Voigts,Maike,,W,0421,39001-25,39001-22,m.voigts@ibs-bremen.de,N,,BFS2,FS,,,,,,,,,,Hemelingen,Private berufsbildende Schule,
922,Parität. Bildungswerk Bremen e.V.,Inst.f.soz.u.interkult.Weiterbildung,Private Fachschule für,Sozialpädagogik und Heilerziehungs-,pflege,Faulenstr. 31,28195,Bremen,Felix,Frauke,,W,0421,17472-0,17472-30,info@pbwbremen.de,N,,FS,,,,,,,,,,,Mitte/östl. Vorstadt,Private berufsbildende Schule,
923,impuls e.V.,,"Private Fachschule für Gymnastik,",Tanz und Bewegungstherapie,,Fleetrade 78,28207,Bremen,Deppert,Inge,,W,0421,441999,4986048,schule@impuls-bremen.de,N,,BFS2,FS,,,,,,,,,,Hemelingen,Private berufsbildende Schule,
924,Wirtschafts- und Sozialakademie der,Arbeitnehmerkammer Bremen gGmbH,Private Altenpflegeschule,,,Dölvesstr. 8,28207,Bremen,Schnäpp,Matthias,,M,0421,4499621,4499930,m.schnaepp@wisoak.de,N,,BFS2,,,,,,,,,,,Hemelingen,Private berufsbildende Schule,
927,Bremer Krankenpflegeschule der,freigemeinnützigen Krankenhäuser eV,,,,St.-Pauli-Deich 25,28199,Bremen,Venhaus-Schreiber,Barbara,,W,0421,5599-441,5599-445,info@bremer-krankenpflegeschule.de,N,,FS,,,,,,,,,,,Neustadt,Schule für Gesundheitsfachberufe,
928,Fachschule für Ergotherapie,,,,,Rotdornallee 64,28717,Bremen,Bruns,Heike,,W,0421,696 685 02,696 685 06,bhs-ergotherapie@bremen-heimstiftung.de,N,,FS,,,,,,,,,,,Burglesum,Schule für Gesundheitsfachberufe,
949,Verwaltungsschule der,Freien Hansestadt Bremen,,,,Doventorscontrescarpe 172,28195,Bremen,Wendel,Holger,,M,0421,361-5335,361-5173,holger-andreas.wendel@afz.bremen.de,N,,BS,,,,,,,,,,,Mitte/östl. Vorstadt,Verwaltungsschule,
950,Krankenpflegeschule am,Klinikum Bremerhaven Reinkenheide,,,,Postbrookstr. 91 A,27574,Bremerhaven,Flach,Bettina,,W,0471,299-3550,299-3554,krankenpflegeschule@klinikum-bremerhaven.de,N,,FS,,,,,,,,,,,,Schule für Gesundheitsfachberufe (Klinikum),
951,Krankenpflegeschule,St.-Joseph-Hospital,,,,Wiener Str. 1,27568,Bremerhaven,Schruth,Thomas,,M,0471,4805-644,4805-113,krankenpflegeschule@josephhospital.de,N,,FS,,,,,,,,,,,,Schule für Gesundheitsfachberufe,
955,Hansa Pflegeschulen GmbH,,Private Altenpflegeschule,,,Hartwigstr. 8,27574,Bremerhaven,Timmermann,Doris,,W,0471,9212370,9212372,fachschule1.bhv@seniorenheime-hansa.de,N,,BFS2,,,,,,,,,,,,Private berufsbildende Schule,
957,AWO Pflegedienst GmbH -Ursula Kaltenstein Akademie für Gesundheit und Pflege,,Private Altenpflegeschule,,,Surfeldstr. 29,27576,Bremerhaven,Ulrich,Liane,,W,0471,9547-0,309467-19,info@awo-bremerhaven.de,N,,BFS2,,,,,,,,,,,,Private berufsbildende Schule,